method,dataset,n,best_k,best_2k
Deconvolution,xor,8,1.0,1.0
Deconvolution,xor,32,0.9166666666666666,1.0
Deconvolution,xor,128,0.0,0.0
Deconvolution,ring,8,0.3333333333333333,0.6666666666666666
Deconvolution,ring,32,0.08333333333333333,0.16666666666666666
Deconvolution,ring,128,0.0,0.0
Deconvolution,ring+xor,8,0.5833333333333334,1.0
Deconvolution,ring+xor,32,0.375,0.5
Deconvolution,ring+xor,128,0.125,0.125
Deconvolution,ring+xor+sum,8,0.7777777777777778,1.0
Deconvolution,ring+xor+sum,32,0.611111111111111,0.6666666666666666
Deconvolution,ring+xor+sum,128,0.16666666666666666,0.2222222222222222
DeepLift,xor,8,1.0,1.0
DeepLift,xor,32,0.8333333333333334,0.9166666666666666
DeepLift,xor,128,0.0,0.0
DeepLift,ring,8,0.3333333333333333,0.6666666666666666
DeepLift,ring,32,0.08333333333333333,0.08333333333333333
DeepLift,ring,128,0.0,0.0
DeepLift,ring+xor,8,0.5833333333333334,1.0
DeepLift,ring+xor,32,0.375,0.4166666666666667
DeepLift,ring+xor,128,0.125,0.125
DeepLift,ring+xor+sum,8,0.8333333333333334,1.0
DeepLift,ring+xor+sum,32,0.5833333333333334,0.6944444444444443
DeepLift,ring+xor+sum,128,0.16666666666666666,0.2222222222222222
FeatureAblation,xor,8,1.0,1.0
FeatureAblation,xor,32,0.9166666666666666,1.0
FeatureAblation,xor,128,0.0,0.0
FeatureAblation,ring,8,0.25,0.6666666666666666
FeatureAblation,ring,32,0.08333333333333333,0.08333333333333333
FeatureAblation,ring,128,0.0,0.0
FeatureAblation,ring+xor,8,0.5833333333333334,1.0
FeatureAblation,ring+xor,32,0.375,0.4583333333333333
FeatureAblation,ring+xor,128,0.16666666666666666,0.16666666666666666
FeatureAblation,ring+xor+sum,8,0.8333333333333334,1.0
FeatureAblation,ring+xor+sum,32,0.611111111111111,0.6666666666666666
FeatureAblation,ring+xor+sum,128,0.16666666666666666,0.2222222222222222
FeaturePermutation,xor,8,1.0,1.0
FeaturePermutation,xor,32,0.9166666666666666,1.0
FeaturePermutation,xor,128,0.0,0.0
FeaturePermutation,ring,8,0.25,0.6666666666666666
FeaturePermutation,ring,32,0.08333333333333333,0.08333333333333333
FeaturePermutation,ring,128,0.0,0.0
FeaturePermutation,ring+xor,8,0.5833333333333334,1.0
FeaturePermutation,ring+xor,32,0.3333333333333333,0.4166666666666667
FeaturePermutation,ring+xor,128,0.125,0.16666666666666666
FeaturePermutation,ring+xor+sum,8,0.8055555555555555,1.0
FeaturePermutation,ring+xor+sum,32,0.611111111111111,0.6944444444444445
FeaturePermutation,ring+xor+sum,128,0.16666666666666666,0.2222222222222222
GuidedBackprop,xor,8,1.0,1.0
GuidedBackprop,xor,32,1.0,1.0
GuidedBackprop,xor,128,0.0,0.0
GuidedBackprop,ring,8,0.3333333333333333,0.6666666666666666
GuidedBackprop,ring,32,0.08333333333333333,0.08333333333333333
GuidedBackprop,ring,128,0.0,0.0
GuidedBackprop,ring+xor,8,0.5833333333333334,1.0
GuidedBackprop,ring+xor,32,0.375,0.5
GuidedBackprop,ring+xor,128,0.125,0.125
GuidedBackprop,ring+xor+sum,8,0.8333333333333334,1.0
GuidedBackprop,ring+xor+sum,32,0.611111111111111,0.6666666666666666
GuidedBackprop,ring+xor+sum,128,0.16666666666666666,0.2222222222222222
IG_noMul,xor,8,1.0,1.0
IG_noMul,xor,32,0.8333333333333334,1.0
IG_noMul,xor,128,0.0,0.0
IG_noMul,ring,8,0.25,0.6666666666666666
IG_noMul,ring,32,0.08333333333333333,0.08333333333333333
IG_noMul,ring,128,0.0,0.0
IG_noMul,ring+xor,8,0.5833333333333334,1.0
IG_noMul,ring+xor,32,0.375,0.4166666666666667
IG_noMul,ring+xor,128,0.125,0.16666666666666666
IG_noMul,ring+xor+sum,8,0.8333333333333334,1.0
IG_noMul,ring+xor+sum,32,0.5833333333333334,0.7222222222222222
IG_noMul,ring+xor+sum,128,0.16666666666666666,0.2222222222222222
InputXGradient,xor,8,1.0,1.0
InputXGradient,xor,32,0.75,0.8333333333333334
InputXGradient,xor,128,0.0,0.0
InputXGradient,ring,8,0.3333333333333333,0.5833333333333334
InputXGradient,ring,32,0.08333333333333333,0.08333333333333333
InputXGradient,ring,128,0.0,0.0
InputXGradient,ring+xor,8,0.5833333333333334,1.0
InputXGradient,ring+xor,32,0.375,0.5
InputXGradient,ring+xor,128,0.125,0.16666666666666666
InputXGradient,ring+xor+sum,8,0.8055555555555555,1.0
InputXGradient,ring+xor+sum,32,0.611111111111111,0.6944444444444445
InputXGradient,ring+xor+sum,128,0.16666666666666666,0.2222222222222222
Saliency,xor,8,1.0,1.0
Saliency,xor,32,0.9166666666666666,1.0
Saliency,xor,128,0.0,0.0
Saliency,ring,8,0.3333333333333333,0.6666666666666666
Saliency,ring,32,0.08333333333333333,0.08333333333333333
Saliency,ring,128,0.0,0.0
Saliency,ring+xor,8,0.5833333333333334,1.0
Saliency,ring+xor,32,0.3333333333333333,0.4583333333333333
Saliency,ring+xor,128,0.125,0.125
Saliency,ring+xor+sum,8,0.8055555555555555,1.0
Saliency,ring+xor+sum,32,0.611111111111111,0.6666666666666666
Saliency,ring+xor+sum,128,0.16666666666666666,0.2222222222222222
ShapleyValueSampling,xor,8,1.0,1.0
ShapleyValueSampling,xor,32,0.6666666666666666,0.75
ShapleyValueSampling,xor,128,0.0,0.0
ShapleyValueSampling,ring,8,0.25,0.5833333333333334
ShapleyValueSampling,ring,32,0.08333333333333333,0.08333333333333333
ShapleyValueSampling,ring,128,0.0,0.0
ShapleyValueSampling,ring+xor,8,0.625,1.0
ShapleyValueSampling,ring+xor,32,0.375,0.4166666666666667
ShapleyValueSampling,ring+xor,128,0.125,0.125
ShapleyValueSampling,ring+xor+sum,8,0.8055555555555555,1.0
ShapleyValueSampling,ring+xor+sum,32,0.5555555555555555,0.7222222222222223
ShapleyValueSampling,ring+xor+sum,128,0.16666666666666666,0.2222222222222222
SmoothGrad,xor,8,1.0,1.0
SmoothGrad,xor,32,0.9166666666666666,1.0
SmoothGrad,xor,128,0.0,0.0
SmoothGrad,ring,8,0.3333333333333333,0.5833333333333334
SmoothGrad,ring,32,0.08333333333333333,0.08333333333333333
SmoothGrad,ring,128,0.0,0.0
SmoothGrad,ring+xor,8,0.5833333333333334,1.0
SmoothGrad,ring+xor,32,0.375,0.5
SmoothGrad,ring+xor,128,0.125,0.125
SmoothGrad,ring+xor+sum,8,0.8333333333333334,1.0
SmoothGrad,ring+xor+sum,32,0.611111111111111,0.6666666666666666
SmoothGrad,ring+xor+sum,128,0.16666666666666666,0.2222222222222222
admm_global,xor,8,,
admm_global,xor,32,,
admm_global,xor,128,,
admm_global,ring,8,,
admm_global,ring,32,,
admm_global,ring,128,,
admm_global,ring+xor,8,,
admm_global,ring+xor,32,,
admm_global,ring+xor,128,,
admm_global,ring+xor+sum,8,0.75,1.0
admm_global,ring+xor+sum,32,0.1111111111111111,0.27777777777777773
admm_global,ring+xor+sum,128,0.0,0.08333333333333333
cae,xor,8,0.16666666666666666,0.6666666666666666
cae,xor,32,0.0,0.08333333333333333
cae,xor,128,0.0,0.0
cae,ring,8,0.25,0.5
cae,ring,32,0.0,0.08333333333333333
cae,ring,128,0.0,0.0
cae,ring+xor,8,0.5416666666666666,1.0
cae,ring+xor,32,0.16666666666666666,0.2916666666666667
cae,ring+xor,128,0.041666666666666664,0.041666666666666664
cae,ring+xor+sum,8,0.8055555555555555,1.0
cae,ring+xor+sum,32,0.08333333333333333,0.24999999999999997
cae,ring+xor+sum,128,0.05555555555555555,0.027777777777777776
canceloutsigmoid,xor,8,1.0,1.0
canceloutsigmoid,xor,32,0.75,0.75
canceloutsigmoid,xor,128,0.16666666666666666,0.16666666666666666
canceloutsigmoid,ring,8,0.4166666666666667,0.6666666666666666
canceloutsigmoid,ring,32,0.0,0.16666666666666666
canceloutsigmoid,ring,128,0.0,0.0
canceloutsigmoid,ring+xor,8,0.6666666666666666,1.0
canceloutsigmoid,ring+xor,32,0.5,0.5416666666666666
canceloutsigmoid,ring+xor,128,0.041666666666666664,0.041666666666666664
canceloutsigmoid,ring+xor+sum,8,0.8611111111111112,1.0
canceloutsigmoid,ring+xor+sum,32,0.4444444444444445,0.638888888888889
canceloutsigmoid,ring+xor+sum,128,0.27777777777777773,0.38888888888888884
canceloutsoftmax,xor,8,0.5833333333333334,0.9166666666666666
canceloutsoftmax,xor,32,0.0,0.25
canceloutsoftmax,xor,128,0.08333333333333333,0.08333333333333333
canceloutsoftmax,ring,8,0.3333333333333333,0.5833333333333334
canceloutsoftmax,ring,32,0.16666666666666666,0.25
canceloutsoftmax,ring,128,0.0,0.0
canceloutsoftmax,ring+xor,8,0.625,1.0
canceloutsoftmax,ring+xor,32,0.08333333333333333,0.2916666666666667
canceloutsoftmax,ring+xor,128,0.08333333333333333,0.20833333333333334
canceloutsoftmax,ring+xor+sum,8,0.8055555555555555,1.0
canceloutsoftmax,ring+xor+sum,32,0.3333333333333333,0.47222222222222215
canceloutsoftmax,ring+xor+sum,128,0.13888888888888887,0.16666666666666666
deeppink,xor,8,0.25,0.5
deeppink,xor,32,0.16666666666666666,0.25
deeppink,xor,128,0.0,0.0
deeppink,ring,8,0.25,0.5
deeppink,ring,32,0.0,0.08333333333333333
deeppink,ring,128,0.0,0.0
deeppink,ring+xor,8,0.4166666666666667,1.0
deeppink,ring+xor,32,0.16666666666666666,0.2916666666666667
deeppink,ring+xor,128,0.0,0.041666666666666664
deeppink,ring+xor+sum,8,0.8055555555555555,1.0
deeppink,ring+xor+sum,32,0.27777777777777773,0.4166666666666667
deeppink,ring+xor+sum,128,0.3055555555555555,0.3333333333333333
fsnet,xor,8,0.8333333333333334,0.9166666666666666
fsnet,xor,32,0.6666666666666666,0.8333333333333334
fsnet,xor,128,0.0,0.08333333333333333
fsnet,ring,8,0.0,0.0
fsnet,ring,32,0.16666666666666666,0.3333333333333333
fsnet,ring,128,0.0,0.0
fsnet,ring+xor,8,0.5833333333333334,1.0
fsnet,ring+xor,32,0.25,0.2916666666666667
fsnet,ring+xor,128,0.0,0.0
fsnet,ring+xor+sum,8,0.8055555555555557,1.0
fsnet,ring+xor+sum,32,0.4166666666666667,0.5
fsnet,ring+xor+sum,128,0.3333333333333333,0.38888888888888884
lassonet,xor,8,1.0,1.0
lassonet,xor,32,1.0,1.0
lassonet,xor,128,1.0,1.0
lassonet,ring,8,0.5,0.75
lassonet,ring,32,0.0,0.08333333333333333
lassonet,ring,128,0.0,0.0
lassonet,ring+xor,8,0.7083333333333334,1.0
lassonet,ring+xor,32,0.5,0.5416666666666666
lassonet,ring+xor,128,0.5,0.5833333333333334
lassonet,ring+xor+sum,8,0.8055555555555555,1.0
lassonet,ring+xor+sum,32,0.6666666666666666,0.75
lassonet,ring+xor+sum,128,0.611111111111111,0.6666666666666666
mi,xor,8,0.25,0.4166666666666667
mi,xor,32,0.16666666666666666,0.16666666666666666
mi,xor,128,0.0,0.0
mi,ring,8,1.0,1.0
mi,ring,32,1.0,1.0
mi,ring,128,1.0,1.0
mi,ring+xor,8,0.6666666666666666,1.0
mi,ring+xor,32,0.4166666666666667,0.625
mi,ring+xor,128,0.25,0.4166666666666667
mi,ring+xor+sum,8,0.9444444444444445,1.0
mi,ring+xor+sum,32,0.3611111111111111,0.4444444444444444
mi,ring+xor+sum,128,0.16666666666666666,0.22222222222222224
mrmr,xor,8,0.08333333333333333,0.3333333333333333
mrmr,xor,32,0.0,0.0
mrmr,xor,128,0.0,0.0
mrmr,ring,8,1.0,1.0
mrmr,ring,32,1.0,1.0
mrmr,ring,128,1.0,1.0
mrmr,ring+xor,8,0.8333333333333334,1.0
mrmr,ring+xor,32,0.625,0.875
mrmr,ring+xor,128,0.25,0.2916666666666667
mrmr,ring+xor+sum,8,0.8055555555555555,1.0
mrmr,ring+xor+sum,32,0.4444444444444444,0.6666666666666666
mrmr,ring+xor+sum,128,0.6388888888888888,0.6944444444444443
nn,xor,8,0.9937631332300447,0.9944451883311104
nn,xor,32,0.9509686847310156,0.9460912229086507
nn,xor,128,0.9324906119559487,0.920564846339297
nn,ring,8,0.7328743381709978,0.7333160424861956
nn,ring,32,0.9066857777213172,0.898864769603115
nn,ring,128,0.9116734970772259,0.9029193034573879
nn,ring+xor,8,0.8378679537038551,0.8513639715221264
nn,ring+xor,32,0.9030940565500645,0.9028795789845937
nn,ring+xor,128,0.9425830460800434,0.9213562200488109
nn,ring+xor+sum,8,0.8396892754486517,0.8524517746332164
nn,ring+xor+sum,32,0.9309672317344212,0.9157274335596749
nn,ring+xor+sum,128,0.9382449810140626,0.926188033859773
relief,xor,8,1.0,1.0
relief,xor,32,0.9166666666666666,1.0
relief,xor,128,0.3333333333333333,0.6666666666666666
relief,ring,8,1.0,1.0
relief,ring,32,0.3333333333333333,0.5
relief,ring,128,0.0,0.08333333333333333
relief,ring+xor,8,1.0,1.0
relief,ring+xor,32,0.3333333333333333,0.5416666666666666
relief,ring+xor,128,0.08333333333333333,0.125
relief,ring+xor+sum,8,0.7777777777777778,1.0
relief,ring+xor+sum,32,0.5,0.638888888888889
relief,ring+xor+sum,128,0.3055555555555555,0.49999999999999994
rf,xor,8,1.0,1.0
rf,xor,32,0.75,1.0
rf,xor,128,0.08333333333333333,0.25
rf,ring,8,1.0,1.0
rf,ring,32,1.0,1.0
rf,ring,128,1.0,1.0
rf,ring+xor,8,1.0,1.0
rf,ring+xor,32,1.0,1.0
rf,ring+xor,128,0.7916666666666666,1.0
rf,ring+xor+sum,8,0.9722222222222223,1.0
rf,ring+xor+sum,32,0.6666666666666666,0.75
rf,ring+xor+sum,128,0.75,0.8333333333333334
treeshap,xor,8,1.0,1.0
treeshap,xor,32,0.08333333333333333,0.3333333333333333
treeshap,xor,128,0.0,0.0
treeshap,ring,8,1.0,1.0
treeshap,ring,32,1.0,1.0
treeshap,ring,128,0.8333333333333334,1.0
treeshap,ring+xor,8,0.9583333333333334,1.0
treeshap,ring+xor,32,0.7916666666666666,0.9583333333333334
treeshap,ring+xor,128,0.5416666666666666,0.7916666666666666
treeshap,ring+xor+sum,8,1.0,1.0
treeshap,ring+xor+sum,32,0.611111111111111,0.75
treeshap,ring+xor+sum,128,0.6388888888888888,0.8055555555555555
